Путь;Имя файла;№ листа;Имя листа;Видимость;Тип листа;Строка заголовка;Диапазон;Кол-во колонок;Заголовки;Заголовок: статус;Ошибка
ARXIV/BAğ-HESABAT(Bağçılığlar).xls;BAğ-HESABAT(Bağçılığlar).xls;1;Лист1;visible;worksheet;1;A1:AI571;7;S/S | Bağçılığın adı | Qovluqdakı sənədlər (Tarixi) | Siyahılar və tarixi | Siyahıda olan vətəndaşların sayı | Qeyd | Bağ massivinin adı;найден;
ARXIV/BAğ-HESABAT(Bağçılığlar).xls;BAğ-HESABAT(Bağçılığlar).xls;2;Лист2;visible;worksheet;2;A1:K256;5;Bağçılığın adı | Qovluqdakı sənədlər (Tarixi) | Siyahılar və tarixi | Siyahıda olan vətəndaşların sayı | Qeyd;найден;
ARXIV/BAğ-HESABAT(Bağçılığlar).xls;BAğ-HESABAT(Bağçılığlar).xls;3;Лист3;visible;worksheet;;A1;0;;лист пуст;
ARXIV/Ozallasma-abş-reg- yeni.xls;Ozallasma-abş-reg- yeni.xls;1;Baki-auksion;visible;worksheet;1;A1:N5747;8;Sıra №-si | Rayon | Obyektin adı | Fiziki şəxsin adı | Ünvanı | Şəhadətnamə | Qovluq | Səhifə;найден;
ARXIV/Ozallasma-abş-reg- yeni.xls;Ozallasma-abş-reg- yeni.xls;2;Q,yas-icara;visible;worksheet;1;A1:J7939;8;№ | Rayonun adı | Obyektin adı | Sahəsi | Unvan | şəhadətnamə № | Qovluq | səhifə;найден;
ARXIV/Ozallasma-abş-reg- yeni.xls;Ozallasma-abş-reg- yeni.xls;3;Dub-Sah-al-Baki;visible;worksheet;1;A1:J115;8;Sıra №-si | Rayon | Obyektin adı | Fiziki şəxsin adı | Ünvanı | Şəhadətnamə №-si | Qovluq | Səhifə;найден;
ARXIV/Ozallasma-abş-reg- yeni.xls;Ozallasma-abş-reg- yeni.xls;4;Torpaq;visible;worksheet;1;A1:K3051;9;Sıra | Rayonun adı | Alıcının adı | Obyektin adı | Torpaq sahəsi (kv.m.) | Ünvanı | Şəhadətnamə №-si | Qovluq | Səhifə;найден;
ARXIV/Ozallasma-abş-reg- yeni.xls;Ozallasma-abş-reg- yeni.xls;5;Birge Mus.-BM;visible;worksheet;1;A1:I40;8;Sıra №-si | Rayon | Şəhadətnamə verilir (Hüquqi şəxsi adı, fiziki şəxsin S.A.A.) | Əmlak | Ünvan | Şəhadətnamə | Qovluq | səhifə;найден;
ARXIV/Ozallasma-abş-reg- yeni.xls;Ozallasma-abş-reg- yeni.xls;6;Investisiya-sahadatnama;visible;worksheet;1;A1:I43;8;Sıra №-si | Rayon | Şəhadətnamə verilir (Hüquqi şəxsi adı, fiziki şəxsin S.A.A.) | Əmlak | Ünvan | Şəhadətnamə | Qovluq | səhifə;найден;
ARXIV/Ozallasma-abş-reg- yeni.xls;Ozallasma-abş-reg- yeni.xls;7;Rayon-sah-alava;visible;worksheet;1;A1:I1840;8;Sıra №-si | Rayon | Obyektin adı | Fiziki şəxsin adı | Ünvanı | Şəhadətnamə №-si | Qovluq | Səhifə;найден;
ARXIV/Ozallasma-abş-reg- yeni.xls;Ozallasma-abş-reg- yeni.xls;8;avadanliqlar-arayis;visible;worksheet;1;A1:I193;8;Sıra №-si | Rayon | Obyektin adı | Fiziki şəxsin adı | Ünvanı | Arayışın №-si | Qovluq | Səhifə;найден;
ARXIV/Ozallasma-abş-reg- yeni.xls;Ozallasma-abş-reg- yeni.xls;9;Mulkuyat;visible;worksheet;1;A1:K12467;9;Sıra №-si | Rayon | Şəhadətnamə verilir (Hüquqi şəxsi adı, fiziki şəxsin S.A.A.) | Obyekt | Ünvan | Şəhadətnamə | Qovluq | səhifə | ilkin mülkiyyətçi;найден;
ARXIV/Ozallasma-abş-reg- yeni.xls;Ozallasma-abş-reg- yeni.xls;10;Rayon-hamisi-auksion;visible;worksheet;1;A1:J11346;8;Sıra №-si | Rayon | Obyektin adı | Fiziki şəxsin adı | Ünvanı | Şəhadətnamə | Qovluq | səhifə;найден;
ARXIV/Ozallasma-abş-reg- yeni.xls;Ozallasma-abş-reg- yeni.xls;11;ozəl-ham;visible;worksheet;1;A1:T14817;19;Qeyd | m | Kr | KOT | Ş | Şəhad | Şəhadətnamənin tarixi | Müq. | Müq. | Müq.tarixi | F.İ.O. | Obyektin adı | 1 | 0.15 | Arayış n. | Qovluq | Qəbzin n. | Q.tarixi | Qovluq;найден;
ARXIV/Ozallasma-abş-reg- yeni.xls;Ozallasma-abş-reg- yeni.xls;12;deideik;visible;worksheet;1;A1:L180;11;Sıra №-si | Rayon | Əmlakın tərkibi (Obyektin adı) | Şəhadətnamə verilir (Fiziki şəxsin adı) | Əmlakın ümumi sahəsi | Tikinti altı torpaq sahəsi | Ümumi torpaq sahəsi | Ünvanı | Şəhadətnamə №-si | Qovluq | Səhifə;найден;
ARXIV/Ozallasma-abş-reg- yeni.xls;Ozallasma-abş-reg- yeni.xls;13;emdk;visible;worksheet;1;A1:I140;9;Sıra №-si | Rayon | Əmlakın tərkibi (Obyektin adı) | Müqavilə verilir (Fiziki şəxsin adı) | Əmlakın ümumi sahəsi | Ünvanı | Müqavilənin nömrəsi | Qovluq | Səhifə;найден;
ARXIV/Ozallasma-abş-reg- yeni.xls;Ozallasma-abş-reg- yeni.xls;14;auks-ərazi 2006-2009;visible;worksheet;1;A1:O461;12;Sıra №-si | Rayon | Əmlakın tərkibi (Obyektin adı) | Şəhadətnamə verilir (Fiziki şəxsin adı) | Əmlakın ümumi sahəsi | Tikinti altı torpaq sahəsi | Ümumi torpaq sahəsi | Ünvanı | Registr nömrəsi | Şəhadətnamə №-si | Qovluq | Səhifə;найден;
ARXIV/Ozallasma-abş-reg- yeni.xls;Ozallasma-abş-reg- yeni.xls;15;qarış 2006-2009;visible;worksheet;1;A1:I225;9;Sıra №-si | Rayon | Əmlakın tərkibi (Obyektin adı) | Şəhadətnamə verilir (Fiziki şəxsin adı) | Əmlakın ümumi sahəsi | Ünvanı | Şəhadətnamə №-si | Qovluq | Səhifə;найден;
ARXIV/Ozallasma-abş-reg- yeni.xls;Ozallasma-abş-reg- yeni.xls;16;emdk2;visible;worksheet;1;A1:L461;9;Sıra №-si | Rayon | Əmlakın tərkibi (Obyektin adı) | Müqavilə verilir (Fiziki şəxsin adı) | Əmlakın ümumi sahəsi | Ünvanı | Müqavilə №-si | Qovluq | Səhifə;найден;
ARXIV/Ozallasma-abş-reg- yeni.xls;Ozallasma-abş-reg- yeni.xls;17;mülk 2008-2009;visible;worksheet;1;A1:M773;11;Sıra №-si | Rayon | Obyektin adı-şəhadətnamə verilir | Əmlakın ümumi sahəsi | Tikinti altı torpaq sahəsi | Ümumi torpaq sahəsi | Ünvanı | Hansı yol ilə özəlləşib | Şəhadətnamə №-si | Qovluq | Səhifə;найден;
ARXIV/Ozallasma-abş-reg- yeni.xls;Ozallasma-abş-reg- yeni.xls;18;Icara-DEIEDK-EMDK;visible;worksheet;1;A1:M886;12;№ | Rayonun adı | Şəhadətnamə verilir | Əmlakın ümumi sahəsi | Tikinti altı torpaq sahəsi | Ümumi torpaq sahəsi | Ünvanı | Balanssaxlayıcı | Şəhadətnamə və müqavilənin №-si | Registr nömrəsi | Qovluq | Səhifə;найден;
ARXIV/Ozallasma-abş-reg- yeni.xls;Ozallasma-abş-reg- yeni.xls;19;Icara-EMDK;visible;worksheet;1;A1:I839;8;№ | Rayonun adı | Müqavilə (Şəhadətnamə) verilir | Əmlakın ümumi sahəsi | Ünvanı | Şəhadətnamə və Müqavilə №-si | Qovluq | Səhifə;найден;
ARXIV/Ozallasma-abş-reg- yeni.xls;Ozallasma-abş-reg- yeni.xls;20;torp 2008-2010;visible;worksheet;1;A1:L1139;8;Rayonun adı | Şəhadətnamə verilir | Obyektin adı | Torpaq sahəsi (kv.m.) | Ünvanı | Şəhadətnamə və ƏMDK-də müqavilələrin №-si | Qovluq | Səhifə;найден;
ARXIV/Ozallasma-abş-reg- yeni.xls;Ozallasma-abş-reg- yeni.xls;21;eidk;visible;worksheet;1;A1:L1139;10;eidk | Rayonun adı | Müqavilə verilir | Obyektin adı | Torpaq sahəsi (kv.m.) | Ünvanı | ƏMDK-də müqavilələrin №-si | Qovluq | Səhifə | ƏMDK;найден;
ARXIV/Ozallasma-abş-reg- yeni.xls;Ozallasma-abş-reg- yeni.xls;22;registr 2as;visible;worksheet;9;A1:O54;13;№ | müqavilənin nömrəsi | müqavilənin tarixi | alıcının adı | əmlakın adı | əmlakın ünvanı | torpaq sahəsi kv.m | əmlakın regist kodu | Alt hissənin kodu | rayon | Balans saxlayıcı təşkilatın kodu | Balans saxlayıcı (keçmiş balans saxlayıcı təşkilatın adı) | Baş idarə (keçmiş baş idarə);найден;
ARXIV/Ozallasma-abş-reg- yeni.xls;Ozallasma-abş-reg- yeni.xls;23;2 rüb;visible;worksheet;6;A1:S120;15;№ | müqavilənin tipi | müqavilənin nömrəsi | müqavilənin tarixi | alıcının adı | əmlakın adı | əmlakın ünvanı | sahə kv.m | mərtəbə | rayon | registr nömrəsi | alt hissənin nömrəsi | Balans saxlayıcı təşkilatın kodu | Balans saxlayıcı (keçmiş balans saxlayıcı təşkilatın adı) | Baş idarə (keçmiş baş idarə);найден;
ARXIV/Ozallasma-abş-reg- yeni.xls;Ozallasma-abş-reg- yeni.xls;24;1 rüb as;visible;worksheet;8;A1:O74;13;№ | müqavilənin nömrəsi | müqavilənin tarixi | alıcının adı | əmlakın adı | əmlakın ünvanı | torpaq sahəsi kv.m | əmlakın regist kodu | Alt hissənin kodu | rayon | Balans saxlayıcı təşkilatın kodu | Balans saxlayıcı (keçmiş balans saxlayıcı təşkilatın adı) | Baş idarə (keçmiş baş idarə);найден;
ARXIV/Ozallasma-abş-reg- yeni.xls;Ozallasma-abş-reg- yeni.xls;25;1 rüb;visible;worksheet;15;A1:P112;15;№ | müqavilənin tipi | müqavilənin nömrəsi | müqavilənin tarixi | alıcının adı | əmlakın adı | əmlakın ünvanı | sahə kv.m | mərtəbə | rayon | registr nömrəsi | alt hissənin nömrəsi | Balans saxlayıcı təşkilatın kodu | Balans saxlayıcı (keçmiş balans saxlayıcı təşkilatın adı) | Baş idarə (keçmiş baş idarə);найден;
ARXIV/Ozallasma-abş-reg- yeni.xls;Ozallasma-abş-reg- yeni.xls;26;abş;visible;worksheet;2;A1:Q1298;15;Ünvan | Ərizə | Tex Pasp | Qeydvəs | Arayışı | Əmrdən çıxarış | Müayinə aktı | Qərar. Çıxar. | Arayiş | Sərənc Çıxarış | Alqı-satqı müqav. | Digər sənəd. | Qiymətləndirmə Cədvəli | İnven. №-si | Qeyd №-si;найден;
ARXIV/Ozallasma-abş-reg- yeni.xls;Ozallasma-abş-reg- yeni.xls;27;buzovna;visible;worksheet;2;A1:Q1900;15;Ünvan | Ərizə | Tex Pasp | Qeydvəs | Arayışı | Əmrdən çıxarış | Müayinə aktı | Qərar. Çıxar. | Arayiş | Sərənc Çıxarış | Alqı-satqı müqav. | Digər sənəd. | Qiymətləndirmə Cədvəli | İnven. №-si | Qeyd №-si;найден;
ARXIV/Ozallasma-abş-reg- yeni.xls;Ozallasma-abş-reg- yeni.xls;28;zeyt tam;visible;worksheet;2;A1:Q1258;15;Ünvan | Ərizə | Tex Pasp | Qeydvəs | Arayışı | Əmrdən çıxarış | Müayinə aktı | Qərar. Çıxar. | Arayiş | Sərənc Çıxarış | Alqı-satqı müqav. | Digər sənəd. | Qiymətləndirmə Cədvəli | İnven. №-si | Qeyd №-si;найден;
ARXIV/Ozallasma-abş-reg- yeni.xls;Ozallasma-abş-reg- yeni.xls;29;sov üçün siy köhnə;visible;worksheet;2;A1:E5186;3;№ | Soyadı,adı,atasının adı | Reyestr nömrəsi;найден;
ARXIV/Ozallasma-abş-reg- yeni.xls;Ozallasma-abş-reg- yeni.xls;30;çixarış sov üçün siy;visible;worksheet;3;B2:G63;3;№ | Soyadı,Adı,Atasının adı | Reyestr nömrəsi;найден;
ARXIV/Ozallasma-abş-reg- yeni.xls;Ozallasma-abş-reg- yeni.xls;31;sov üçün siy;visible;worksheet;2;A1:E905;3;№ | Soyadı,adı,atasının adı | Reyestr nömrəsi;найден;
ARXIV/Ozallasma-abş-reg- yeni.xls;Ozallasma-abş-reg- yeni.xls;32;sabunçu;visible;worksheet;2;A1:T1004;16;Ərizə | Tex. Pasp. | Qeyd.vəs. | Müay. aktı | Sovx. Əriz. | Sovx. Arayışı | Əmrdən çıxarış | Qərar. Çıxar. | Sərənc Çıxarış | Order | Alqı-satqı müqav. | Vərəs. şəhad. | Digər sənəd. | İnven. N-si | Qeyd N-si | Qeyd;найден;
ARXIV/Ozallasma-abş-reg- yeni.xls;Ozallasma-abş-reg- yeni.xls;33;ramana;visible;worksheet;2;A1:R870;15;Ünvan | Ərizə | Texniki pasport | Qeyd.vəs. | Müayinə aktı | Sovx. Ərizəsi | Sovx. Arayışı | Əmrdən çıxarış | Qərardan çıxarış | Order | Alqı-satqı müqav. | Vərəsəlik şəhadət. | Digər sənədlər | İnventaN-si | Qeyd N-si;найден;
ARXIV/Ozallasma-abş-reg- yeni.xls;Ozallasma-abş-reg- yeni.xls;34;köhnə türkan;visible;worksheet;6;A1:S94;16;Ərizə | Tex. Pasp. | Qeyd.vəs. | Müay. aktı | Sovx. Əriz. | Sovx. Arayışı | Əmrdən çıxarış | Qərar. Çıxar. | Sərənc Çıxarış | Order | Alqı-satqı müqav. | Vərəs. şəhad. | Digər sənəd. | İnven. N-si | Qeyd N-si | Tor ve dair AKT;найден;
ARXIV/Ozallasma-abş-reg- yeni.xls;Ozallasma-abş-reg- yeni.xls;35;köhnə maşt;visible;worksheet;2;A1:S425;16;Ərizə | Tex. Pasp. | Qeyd.vəs. | Müay. aktı | Sovx. Əriz. | Sovx. Arayışı | Əmrdən çıxarış | Qərar. Çıxar. | Sərənc Çıxarış | Order | Alqı-satqı müqav. | Vərəs. şəhad. | Digər sənəd. | İnven. N-si | Qeyd N-si | Qeyd;найден;
ARXIV/Ozallasma-abş-reg- yeni.xls;Ozallasma-abş-reg- yeni.xls;36;köhnə kürdəx;visible;worksheet;2;A1:R191;16;Ərizə | Tex. Pasp. | Qeyd.vəs. | Müay. aktı | Sovx. Əriz. | Sovx. Arayışı | Əmrdən çıxarış | Qərar. Çıxar. | Sərənc Çıxarış | Order | Alqı-satqı müqav. | Vərəs. şəhad. | Digər sənəd. | İnven. N-si | Qeyd N-si | Qeyd;найден;
ARXIV/Ozallasma-abş-reg- yeni.xls;Ozallasma-abş-reg- yeni.xls;37;köhnə hövsan;visible;worksheet;2;A1:T348;18;Ərizə | Tex. Pasp. | Qeyd.vəs. | Müay. aktı | Sovx. Əriz. | Sovx. Arayışı | Əmrdən çıxarış | İstismara Qəbul Aktı | Qərar. Çıxar. | Sərənc Çıxarış | Order | Alqı-satqı müqav. | Vərəs. şəhad. | Digər sənəd. | Qiymətləndirmə Cədvəli | İnven. N-si | Qeyd N-si | Qeyd;найден;
ARXIV/Ozallasma-abş-reg- yeni.xls;Ozallasma-abş-reg- yeni.xls;38;köhnə binə;visible;worksheet;2;A1:P411;14;Ərizə | Texniki pasport | Qeyd.vəs. | Müayinə aktı | Sovx. Ərizəsi | Sovx. Arayışı | Əmrdən çıxarış | Qərardan çıxarış | Order | Alqı-satqı müqav. | Vərəsəlik şəhadət. | Digər sənədlər | İnventaN-si | Qeyd N-si;найден;
ARXIV/PROTOKOLLAR baza bağ.xls;PROTOKOLLAR baza bağ.xls;1;Лист1;visible;worksheet;2;A1:G246;7;Sıra nömrəsi | Soyadı, adı, ata adı | Ərazi | BTK | Orderin nömrəsi | Bağ nömrəsi | Qeyd (son235);найден;
ARXIV/PROTOKOLLAR baza bağ.xls;PROTOKOLLAR baza bağ.xls;2;Лист2;visible;worksheet;;A1;0;;лист пуст;
ARXIV/PROTOKOLLAR baza bağ.xls;PROTOKOLLAR baza bağ.xls;3;Лист3;visible;worksheet;;A1;0;;лист пуст;
ARXIV/Pasport ƏMDK-əsas.xls;Pasport ƏMDK-əsas.xls;1;Лист1;visible;worksheet;1;A1:M9739;9;Sıra nömrəsi | Ünvan | Mülkiyyətçi | Tabeçiliyində olduğu təşkilatın adı | Ümumi sahə kv | Əsas sahə kv | İnventar və tərtib edilmə tarixi | Qovluq nömrəsi | Qeyd;найден;
ARXIV/Pasport ƏMDK-əsas.xls;Pasport ƏMDK-əsas.xls;2;Лист2;visible;worksheet;;A1:C157;0;;не найден: в верхних строках только данные;
ARXIV/YOLDASHLIQ SIYAHISI.xls;YOLDASHLIQ SIYAHISI.xls;1;Лист3;visible;worksheet;2;A1:M2760;9;İdarə, müəssisə və yoldaşlığın adı | ` | Bağ massivinin adı | Üzvlərin sayı | Sıra sayı | Qərar | N | siyahı | ayrıc aktı;найден;
ARXIV/order.xlsx;order.xlsx;1;Диаграмма1;visible;chartsheet;;;0;;;
ARXIV/order.xlsx;order.xlsx;2;Лист1;visible;worksheet;2;A1:AJ219429;7;Sıra nömrəsi | Soyadı, adı, ata adı | Ərazi | BTK | Orderin nömrəsi | Bağ nömrəsi | Qeyd;найден;
ARXIV/order.xlsx;order.xlsx;3;Лист2;visible;worksheet;;A1;0;;лист пуст;
ARXIV/order.xlsx;order.xlsx;4;Лист3;visible;worksheet;;A1;0;;лист пуст;
ARXIV/Fərdi yaş və qarajlar/Balaxanı həy evi.xls;Balaxanı həy evi.xls;1;Sheet1;visible;worksheet;1;A1:I1134;7;Opis | Adı soy adı | Qəsəbə | Ünvan | ev № | Əlavə məlumat | Əlavə məlumat;найден;
ARXIV/Fərdi yaş və qarajlar/Balaxanı həy evi.xls;Balaxanı həy evi.xls;2;Sheet2;visible;worksheet;;A1;0;;лист пуст;
ARXIV/Fərdi yaş və qarajlar/Balaxanı həy evi.xls;Balaxanı həy evi.xls;3;Sheet3;visible;worksheet;;A1;0;;лист пуст;
ARXIV/Fərdi yaş və qarajlar/Bilqəh-Bakıx həy evi.xls;Bilqəh-Bakıx həy evi.xls;1;Bilgəh;visible;worksheet;1;A1:H1003;7;Opis | Adı soy adı | Qəsəbə | Ünvan | ev № | Əlavə məlumat | Əlavə məlumat;найден;
ARXIV/Fərdi yaş və qarajlar/Bilqəh-Bakıx həy evi.xls;Bilqəh-Bakıx həy evi.xls;2;Bakıxanov;visible;worksheet;2;A2:G830;7;Opis | Adı soy adı | Qəsəbə | Ünvan | ev № | Əlavə məlumat | Əlavə məlumat;найден;
ARXIV/Fərdi yaş və qarajlar/Bilqəh-Bakıx həy evi.xls;Bilqəh-Bakıx həy evi.xls;3;Bakıxanov ss;visible;worksheet;4;A2:G35;7;Opis | Adı soy adı | Qəsəbə | Ünvan | ev № | Əlavə məlumat | Əlavə məlumat;найден;
ARXIV/Fərdi yaş və qarajlar/Bülbülə həy evi.xls;Bülbülə həy evi.xls;1;Sheet1;visible;worksheet;1;A1:G1840;7;Opis | Adı soy adı | Qəsəbə | Ünvan | ev № | Əlavə məlumat | Əlavə məlumat;найден;
ARXIV/Fərdi yaş və qarajlar/Bülbülə həy evi.xls;Bülbülə həy evi.xls;2;Sheet2;visible;worksheet;;B1:S25;0;;лист пуст;
ARXIV/Fərdi yaş və qarajlar/Bülbülə həy evi.xls;Bülbülə həy evi.xls;3;Sheet3;visible;worksheet;;C14:F26;0;;лист пуст;
ARXIV/Fərdi yaş və qarajlar/Fərdi yaş ev.SS.xlsx;Fərdi yaş ev.SS.xlsx;1;Yasamal;visible;worksheet;4;A2:F303;6;№ | Ad və Soyad | Rayon | Küçə | ev № | əlavə;найден;
ARXIV/Fərdi yaş və qarajlar/Fərdi yaş ev.SS.xlsx;Fərdi yaş ev.SS.xlsx;2;Nəsimi;visible;worksheet;6;A3:F235;6;№ | Ad və Soyad | Rayon | Küçə | ev № | əlavə;найден;
ARXIV/Fərdi yaş və qarajlar/Fərdi yaş ev.SS.xlsx;Fərdi yaş ev.SS.xlsx;3;Nərimanov;visible;worksheet;6;A4:F488;6;№ | Ad və Soyad | Rayon | Küçə | ev № | əlavə;найден;
ARXIV/Fərdi yaş və qarajlar/Fərdi yaş ev.SS.xlsx;Fərdi yaş ev.SS.xlsx;4;Səbail;visible;worksheet;6;A3:F234;6;№ | Ad və Soyad | Rayon | Küçə | ev № | əlavə;найден;
ARXIV/Fərdi yaş və qarajlar/Fərdi yaş ev.SS.xlsx;Fərdi yaş ev.SS.xlsx;5;Nizami;visible;worksheet;5;A3:F289;6;№ | Ad və Soyad | Rayon | Küçə | ev № | əlavə;найден;
ARXIV/Fərdi yaş və qarajlar/Fərdi yaş ev.SS.xlsx;Fərdi yaş ev.SS.xlsx;6;Xətai;visible;worksheet;7;A4:F509;6;№ | Ad və Soyad | Rayon | Küçə | ev № | əlavə;найден;
ARXIV/Fərdi yaş və qarajlar/Fərdi yaş ev.SS.xlsx;Fərdi yaş ev.SS.xlsx;7;Əhmədli;visible;worksheet;7;A4:F384;6;№ | Ad və Soyad | Rayon | Küçə | ev № | əlavə;найден;
ARXIV/Fərdi yaş və qarajlar/Fərdi yaş ev.SS.xlsx;Fərdi yaş ev.SS.xlsx;8;Dmitrov;visible;worksheet;6;A4:H109;6;№ | Ad və Soyad | Rayon | Küçə | ev № | əlavə;найден;
ARXIV/Fərdi yaş və qarajlar/Hövsan həy evi.xls;Hövsan həy evi.xls;1;Sheet1;visible;worksheet;1;A1:G744;7;Opis | Adı soy adı | Qəsəbə | Ünvan | ev № | Əlavə məlumat | Əlavə məlumat;найден;
ARXIV/Fərdi yaş və qarajlar/Hövsan həy evi.xls;Hövsan həy evi.xls;2;Sheet2;visible;worksheet;;A1;0;;лист пуст;
ARXIV/Fərdi yaş və qarajlar/Hövsan həy evi.xls;Hövsan həy evi.xls;3;Sheet3;visible;worksheet;;A1;0;;лист пуст;
ARXIV/Fərdi yaş və qarajlar/Köhnə Texniki-pasportlar (qutuda olanlar).xlsx;Köhnə Texniki-pasportlar (qutuda olanlar).xlsx;1;Bilgəh;visible;worksheet;1;A1:G334;5;İnventar | T/p nöm | Ad.Soyad ata adı | Qəsəbə | Ünvan;найден;
ARXIV/Fərdi yaş və qarajlar/Köhnə Texniki-pasportlar (qutuda olanlar).xlsx;Köhnə Texniki-pasportlar (qutuda olanlar).xlsx;2;Balaxanı;visible;worksheet;1;A1:I1098;9;İnv | N t/p | Ad Soyad - Ata adı | Qəsəbə | Küçə adı | Ev | dal/dön | Məlumat | Əlavə;найден;
ARXIV/Fərdi yaş və qarajlar/Köhnə Texniki-pasportlar (qutuda olanlar).xlsx;Köhnə Texniki-pasportlar (qutuda olanlar).xlsx;3;Zabrat;visible;worksheet;1;A1:I599;9;İnv | N t/p | Ad Soyad - Ata adı | Qəsəbə | Küçə adı | Ev | dal/dön | Məlumat | Əlavə;найден;
ARXIV/Fərdi yaş və qarajlar/Köhnə Texniki-pasportlar (qutuda olanlar).xlsx;Köhnə Texniki-pasportlar (qutuda olanlar).xlsx;4;Maşdağa;visible;worksheet;1;A1:I1809;9;İnv | N t/p | Ad Soyad - Ata adı | Qəsəbə | Küçə adı | Ev | dal/dön | Məlumat | Əlavə;найден;
ARXIV/Fərdi yaş və qarajlar/Köhnə Texniki-pasportlar (qutuda olanlar).xlsx;Köhnə Texniki-pasportlar (qutuda olanlar).xlsx;5;Dimitrov.Jdanova.Əbilov.Puta;visible;worksheet;1;A1:G892;7;İnv | N t/p | Ad Soyad - Ata adı | Qəsəbə | Küçə adı | Ev | dal/dön;найден;
ARXIV/Fərdi yaş və qarajlar/Köhnə Texniki-pasportlar (qutuda olanlar).xlsx;Köhnə Texniki-pasportlar (qutuda olanlar).xlsx;6;Zirə;visible;worksheet;1;A1:H1315;8;İnv | N t/p | Ad Soyad - Ata adı | Qəsəbə | Küçə adı | Ev | dal/dön | Əlavə;найден;
ARXIV/Fərdi yaş və qarajlar/Köhnə Texniki-pasportlar (qutuda olanlar).xlsx;Köhnə Texniki-pasportlar (qutuda olanlar).xlsx;7;Pirşağı.;visible;worksheet;1;A1:H344;8;İnv | N t/p | Ad Soyad - Ata adı | Qəsəbə | Küçə adı | Ev | dal/dön | Əlavə;найден;
ARXIV/Fərdi yaş və qarajlar/Köhnə Texniki-pasportlar (qutuda olanlar).xlsx;Köhnə Texniki-pasportlar (qutuda olanlar).xlsx;8;Gürgan və b.qəsb;visible;worksheet;1;A1:H788;8;İnv | S/s | Ad Soyad - Ata adı | Qəsəbə | Küçə adı | Ev | dal/dön | Əlavə;найден;
ARXIV/Fərdi yaş və qarajlar/Köhnə Texniki-pasportlar (qutuda olanlar).xlsx;Köhnə Texniki-pasportlar (qutuda olanlar).xlsx;9;Binə;visible;worksheet;1;A1:H1365;8;İnv | S/s | Ad Soyad - Ata adı | Qəsəbə | Küçə adı | Ev | dal/dön | Əlavə;найден;
ARXIV/Fərdi yaş və qarajlar/Köhnə Texniki-pasportlar (qutuda olanlar).xlsx;Köhnə Texniki-pasportlar (qutuda olanlar).xlsx;10;Buzovna;visible;worksheet;1;A1:I731;6;k/səhifə | A.A.S | Rayon | sahə | ev | dongə;найден;
ARXIV/Fərdi yaş və qarajlar/Köhnə Texniki-pasportlar (qutuda olanlar).xlsx;Köhnə Texniki-pasportlar (qutuda olanlar).xlsx;11;Mərdəkan;visible;worksheet;1;A1:J967;8;k/səhifə | A.A.S | Rayon | Küçə | sahə | ev | dongə | dalan;найден;
ARXIV/Fərdi yaş və qarajlar/Köhnə Texniki-pasportlar (qutuda olanlar).xlsx;Köhnə Texniki-pasportlar (qutuda olanlar).xlsx;12;Səbail;visible;worksheet;1;A1:H2007;6;k/səhifə | A.A.S | Rayon | Küçə | ev | dongə;найден;
ARXIV/Fərdi yaş və qarajlar/Köhnə Texniki-pasportlar (qutuda olanlar).xlsx;Köhnə Texniki-pasportlar (qutuda olanlar).xlsx;13;Nərimanov;visible;worksheet;1;A1:H1692;6;k/səhifə | A.A.S | Rayon | Küçə | ev | dongə;найден;
ARXIV/Fərdi yaş və qarajlar/Köhnə Texniki-pasportlar (qutuda olanlar).xlsx;Köhnə Texniki-pasportlar (qutuda olanlar).xlsx;14;Nəsimi;visible;worksheet;1;A1:G1946;6;k/səhifə | A.A.S | Rayon | Küçə | ev | dongə;найден;
ARXIV/Fərdi yaş və qarajlar/Köhnə Texniki-pasportlar (qutuda olanlar).xlsx;Köhnə Texniki-pasportlar (qutuda olanlar).xlsx;15;Binəqədi;visible;worksheet;1;A1:G927;6;k/səhifə | A.A.S | Rayon | Küçə | ev | dongə;найден;
ARXIV/Fərdi yaş və qarajlar/Kürdaxanı həyət evi.xls;Kürdaxanı həyət evi.xls;1;Sheet1;visible;worksheet;1;A1:G611;7;Opis | Adı soy adı | Qəsəbə | Ünvan | ev № | Əlavə məlumat | Əlavə məlumat;найден;
ARXIV/Fərdi yaş və qarajlar/Kürdaxanı həyət evi.xls;Kürdaxanı həyət evi.xls;2;Sheet2;visible;worksheet;;A1;0;;лист пуст;
ARXIV/Fərdi yaş və qarajlar/Kürdaxanı həyət evi.xls;Kürdaxanı həyət evi.xls;3;Sheet3;visible;worksheet;;A1;0;;лист пуст;
ARXIV/Fərdi yaş və qarajlar/Mərdəkan, Şüvəlan həyət evi.xls;Mərdəkan, Şüvəlan həyət evi.xls;1;Mərdəkan;visible;worksheet;1;A1:I2804;7;Opis | Adı soy adı | Qəsəbə | Ünvan | ev № | Əlavə məlumat | Əlavə məlumat;найден;
ARXIV/Fərdi yaş və qarajlar/Mərdəkan, Şüvəlan həyət evi.xls;Mərdəkan, Şüvəlan həyət evi.xls;2;Şüvəlan;visible;worksheet;1;A1:G1873;7;T/p № | Ad, soy ad, ata adı | Qəsəbə | Küçə | ev № | Əlavə məlumat | T/p tərtib etdiyi təşkilat;найден;
ARXIV/Fərdi yaş və qarajlar/Mərdəkan, Şüvəlan həyət evi.xls;Mərdəkan, Şüvəlan həyət evi.xls;3;Лист3;visible;worksheet;;A1;0;;лист пуст;
ARXIV/Fərdi yaş və qarajlar/Nard-Sabuncu həy evi.xls;Nard-Sabuncu həy evi.xls;1;Nardaran;visible;worksheet;1;A1:G858;7;Opis | Adı soy adı | Qəsəbə | Ünvan | ev № | Əlavə məlumat | Əlavə məlumat;найден;
ARXIV/Fərdi yaş və qarajlar/Nard-Sabuncu həy evi.xls;Nard-Sabuncu həy evi.xls;2;Sabuncu;visible;worksheet;3;A1:G1216;7;Opis | Adı soy adı | Qəsəbə | Ünvan | ev № | Əlavə məlumat | Əlavə məlumat;найден;
ARXIV/Fərdi yaş və qarajlar/Nard-Sabuncu həy evi.xls;Nard-Sabuncu həy evi.xls;3;Sheet3;visible;worksheet;;A1;0;;лист пуст;
ARXIV/Fərdi yaş və qarajlar/Pirşağı həy evi.xls;Pirşağı həy evi.xls;1;Sheet1;visible;worksheet;1;A1:G563;7;Opis | Adı soy adı | Qəsəbə | Ünvan | ev № | Əlavə məlumat | Əlavə məlumat;найден;
ARXIV/Fərdi yaş və qarajlar/Pirşağı həy evi.xls;Pirşağı həy evi.xls;2;Sheet2;visible;worksheet;;A1;0;;лист пуст;
ARXIV/Fərdi yaş və qarajlar/Pirşağı həy evi.xls;Pirşağı həy evi.xls;3;Sheet3;visible;worksheet;;A1;0;;лист пуст;
ARXIV/Fərdi yaş və qarajlar/Qaracuxur həy evi.xls;Qaracuxur həy evi.xls;1;Sheet1;visible;worksheet;1;A1:G1856;7;Opis | Adı soy adı | Qəsəbə | Ünvan | ev № | Əlavə məlumat | Əlavə məlumat;найден;
ARXIV/Fərdi yaş və qarajlar/Qaracuxur həy evi.xls;Qaracuxur həy evi.xls;2;Sheet2;visible;worksheet;;A1;0;;лист пуст;
ARXIV/Fərdi yaş və qarajlar/Qaracuxur həy evi.xls;Qaracuxur həy evi.xls;3;Sheet3;visible;worksheet;;A1;0;;лист пуст;
ARXIV/Fərdi yaş və qarajlar/Qaradağ həy evi.xls;Qaradağ həy evi.xls;1;Lökbatan;visible;worksheet;6;A4:I20319;7;N | Ad Soyad | Qəsəbə | Küçə | Ev | Ələvə məlumat | Ələvə;найден;
ARXIV/Fərdi yaş və qarajlar/Qaradağ həy evi.xls;Qaradağ həy evi.xls;2;Qobustan;visible;worksheet;8;A5:G349;7;N | Ad Soyad | Qəsəbə | Küçə | Ev | Ələvə məlumat | Ələvə;найден;
ARXIV/Fərdi yaş və qarajlar/Qaradağ həy evi.xls;Qaradağ həy evi.xls;3;Körgöz;visible;worksheet;6;A3:G348;7;N | Ad Soyad | Qəsəbə | Küçə | Ev | Ələvə məlumat | Ələvə;найден;
ARXIV/Fərdi yaş və qarajlar/Qaradağ həy evi.xls;Qaradağ həy evi.xls;4;Ələt;visible;worksheet;6;A3:G700;7;N | Ad Soyad | Qəsəbə | Küçə | Ev | Ələvə məlumat | Ələvə;найден;
ARXIV/Fərdi yaş və qarajlar/Qaradağ həy evi.xls;Qaradağ həy evi.xls;5;Qobu;visible;worksheet;6;A4:G445;7;N | Ad Soyad | Qəsəbə | Küçə | Ev | Ələvə məlumat | Ələvə;найден;
ARXIV/Fərdi yaş və qarajlar/Qaradağ həy evi.xls;Qaradağ həy evi.xls;6;Qızıldaş;visible;worksheet;8;A6:G61;7;N | Ad Soyad | Qəsəbə | Küçə | Ev | Ələvə məlumat | Ələvə;найден;
ARXIV/Fərdi yaş və qarajlar/Ramana həy evi.xls;Ramana həy evi.xls;1;Sheet1;visible;worksheet;1;A1:G753;7;Opis | Adı soy adı | Qəsəbə | Ünvan | ev № | Əlavə məlumat | Əlavə məlumat;найден;
ARXIV/Fərdi yaş və qarajlar/Ramana həy evi.xls;Ramana həy evi.xls;2;Sheet2;visible;worksheet;;A1;0;;лист пуст;
ARXIV/Fərdi yaş və qarajlar/Ramana həy evi.xls;Ramana həy evi.xls;3;Sheet3;visible;worksheet;;A1;0;;лист пуст;
ARXIV/Fərdi yaş və qarajlar/Surax-Əmircan hey evi.xls;Surax-Əmircan hey evi.xls;1;Suraxanı;visible;worksheet;1;A1:G2751;7;Opis | Adı soy adı | Qəsəbə | Ünvan | ev № | Əlavə məlumat | Əlavə məlumat;найден;
ARXIV/Fərdi yaş və qarajlar/Surax-Əmircan hey evi.xls;Surax-Əmircan hey evi.xls;2;Əmircan;visible;worksheet;2;A2:G897;7;Opis | Adı soy adı | Qəsəbə | Ünvan | ev № | Əlavə məlumat | Əlavə məlumat;найден;
ARXIV/Fərdi yaş və qarajlar/Surax-Əmircan hey evi.xls;Surax-Əmircan hey evi.xls;3;Suraxanı SS;visible;worksheet;4;A2:G37;7;Opis | Adı soy adı | Qəsəbə | Ünvan | ev № | Əlavə məlumat | Əlavə məlumat;найден;
ARXIV/Fərdi yaş və qarajlar/Surax-Əmircan hey evi.xls;Surax-Əmircan hey evi.xls;4;Sheet2;visible;worksheet;;B7:G12;0;;не найден: в верхних строках только данные;
ARXIV/Fərdi yaş və qarajlar/Türkan-Qala həy evi.xls;Türkan-Qala həy evi.xls;1;Türkan;visible;worksheet;5;A2:AR1300;7;N | Ad Soyad | Qəsəbə | Küçə | Ev | Ələvə məlumat | Ələvə;найден;
ARXIV/Fərdi yaş və qarajlar/Türkan-Qala həy evi.xls;Türkan-Qala həy evi.xls;2;Qala;visible;worksheet;7;A3:G344;7;N | Ad Soyad | Qəsəbə | Küçə | Ev | Ələvə məlumat | Ələvə;найден;
ARXIV/Fərdi yaş və qarajlar/Türkan-Qala həy evi.xls;Türkan-Qala həy evi.xls;3;Sheet3;visible;worksheet;;A1;0;;лист пуст;
ARXIV/Fərdi yaş və qarajlar/Vişnyovka, Dübəndi, Xaşa-Xuna.xlsx;Vişnyovka, Dübəndi, Xaşa-Xuna.xlsx;1;Vişnyovka(Albalılıq);visible;worksheet;2;A1:F124;6;№ | Ad, Soy ad, Ata adı | Rayon | Küçə | ev № | Əlavə;найден;
ARXIV/Fərdi yaş və qarajlar/Vişnyovka, Dübəndi, Xaşa-Xuna.xlsx;Vişnyovka, Dübəndi, Xaşa-Xuna.xlsx;2;Dübəndi;visible;worksheet;2;A1:F439;6;№ | Ad, Soy ad, Ata adı | Rayon | Küçə | ev № | Əlavə;найден;
ARXIV/Fərdi yaş və qarajlar/Vişnyovka, Dübəndi, Xaşa-Xuna.xlsx;Vişnyovka, Dübəndi, Xaşa-Xuna.xlsx;3;Xaşa-Xuna;visible;worksheet;2;A1:F154;6;№ | Ad, Soy ad, Ata adı | Rayon | Küçə | ev № | Əlavə;найден;
ARXIV/Fərdi yaş və qarajlar/Vorovski-Rəsulzadə-Biləc həy evi.xls;Vorovski-Rəsulzadə-Biləc həy evi.xls;1;Vorovski;visible;worksheet;1;A1:G1720;7;Opis | Adı soy adı | Qəsəbə | Ünvan | ev № | Əlavə məlumat | Əlavə məlumat;найден;
ARXIV/Fərdi yaş və qarajlar/Vorovski-Rəsulzadə-Biləc həy evi.xls;Vorovski-Rəsulzadə-Biləc həy evi.xls;2;Rəsulzadə;visible;worksheet;3;A3:G1943;7;Opis | Adı soy adı | Qəsəbə | Ünvan | ev № | Əlavə məlumat | Əlavə məlumat;найден;
ARXIV/Fərdi yaş və qarajlar/Vorovski-Rəsulzadə-Biləc həy evi.xls;Vorovski-Rəsulzadə-Biləc həy evi.xls;3;Biləcəri;visible;worksheet;3;A3:G1251;7;Opis | Adı soy adı | Qəsəbə | Ünvan | ev № | Əlavə məlumat | Əlavə məlumat;найден;
ARXIV/Fərdi yaş və qarajlar/Vorovski-Rəsulzadə-Biləc həy evi.xls;Vorovski-Rəsulzadə-Biləc həy evi.xls;4;Sulu-təpə SS;visible;worksheet;4;A2:G172;7;N | Ad Soyad | Qəsəbə | Küçə | ev | əlavə | əlavə;найден;
ARXIV/Fərdi yaş və qarajlar/Vorovski-Rəsulzadə-Biləc həy evi.xls;Vorovski-Rəsulzadə-Biləc həy evi.xls;5;Sulu-təpə;visible;worksheet;6;A4:G206;7;N | Ad Soyad | Qəsəbə | Küçə | ev | əlavə | əlavə;найден;
ARXIV/Fərdi yaş və qarajlar/Vorovski-Rəsulzadə-Biləc həy evi.xls;Vorovski-Rəsulzadə-Biləc həy evi.xls;6;Vorovski SS;visible;worksheet;5;A3:H27;7;N | Ad Soyad | Qəsəbə | Küçə | ev | əlavə | əlavə;найден;
ARXIV/Fərdi yaş və qarajlar/Vorovski-Rəsulzadə-Biləc həy evi.xls;Vorovski-Rəsulzadə-Biləc həy evi.xls;7;Rəsulzadə SS;visible;worksheet;5;A3:H27;7;N | Ad Soyad | Qəsəbə | Küçə | ev | əlavə | əlavə;найден;
ARXIV/Fərdi yaş və qarajlar/Yasamal həyət evi.xls;Yasamal həyət evi.xls;1;Лист1;visible;worksheet;1;A1:IV25072;7;opis № | adı soy adı | rayon | ünvan | ev | əlavə ünvan | əlavə;найден;
ARXIV/Fərdi yaş və qarajlar/Yasamal həyət evi.xls;Yasamal həyət evi.xls;2;Лист2;visible;worksheet;;A2:O43;0;;не найден: в верхних строках только данные;
ARXIV/Fərdi yaş və qarajlar/Yasamal həyət evi.xls;Yasamal həyət evi.xls;3;Лист3;visible;worksheet;16;B1:P31;2;Va min şərin nəffəsəti filuqad. | Va min şərri hasidin izə hazad;найден;
ARXIV/Fərdi yaş və qarajlar/Yasamal həyət evi.xls;Yasamal həyət evi.xls;4;Лист4;visible;worksheet;2;A1:E99;5;№ | Stansiyanın adı | Rayon | Ünvan | Texniki pasportun tertib olma tarixi;найден;
ARXIV/Fərdi yaş və qarajlar/Zığ həy evi.xls;Zığ həy evi.xls;1;Zığ həy ev və ss;visible;worksheet;1;A1:G1760;7;Opis | Adı soy adı | Qəsəbə | Ünvan | ev № | Əlavə məlumat | Əlavə məlumat;найден;
ARXIV/Fərdi yaş və qarajlar/Zığ həy evi.xls;Zığ həy evi.xls;2;Sheet2;visible;worksheet;;A1;0;;лист пуст;
ARXIV/Fərdi yaş və qarajlar/Zığ həy evi.xls;Zığ həy evi.xls;3;Sheet3;visible;worksheet;;A1;0;;лист пуст;
ARXIV/Fərdi yaş və qarajlar/binəqədi.xls;binəqədi.xls;1;Binəqədi;visible;worksheet;3;A1:H1676;7;Opis | Adı soy adı | Qəsəbə | Ünvan | ev № | Əlavə məlumat | Əlavə məlumat;найден;
ARXIV/Fərdi yaş və qarajlar/binəqədi.xls;binəqədi.xls;2;Binəq SS;visible;worksheet;6;A5:G123;7;Opis | Adı soy adı | Qəsəbə | Ünvan | ev № | Əlavə məlumat | Əlavə məlumat;найден;
ARXIV/Fərdi yaş və qarajlar/binəqədi.xls;binəqədi.xls;3;Лист2;visible;worksheet;;A1;0;;лист пуст;
ARXIV/Fərdi yaş və qarajlar/Əhmədli həy evi.xls;Əhmədli həy evi.xls;1;Лист1;visible;worksheet;1;A1:G1236;7;Opis | Adı soy adı | Rayon | Ünvan | ev № | Əlavə məlumat | Əlavə məlumat;найден;
ARXIV/Fərdi yaş və qarajlar/Əhmədli həy evi.xls;Əhmədli həy evi.xls;2;Лист2;visible;worksheet;;C10:F29;0;;лист пуст;
ARXIV/Fərdi yaş və qarajlar/Əhmədli həy evi.xls;Əhmədli həy evi.xls;3;Лист3;visible;worksheet;;A1;0;;лист пуст;
ARXIV/MS binalar/Лист Microsoft Excel 1.xlsx;Лист Microsoft Excel 1.xlsx;1;Nizami;visible;worksheet;4;A3:E490;5;№ | Küçə adi | Ev № | JEK № | Əlavə məl;найден;
ARXIV/MS binalar/Лист Microsoft Excel 1.xlsx;Лист Microsoft Excel 1.xlsx;2;Binəqədi;visible;worksheet;4;A3:E914;5;№ | Kücə adı | Ev № | JEK № | Əlavə;найден;
ARXIV/MS binalar/Лист Microsoft Excel 1.xlsx;Лист Microsoft Excel 1.xlsx;3;Suraxani;visible;worksheet;3;A2:F310;6;№ | Qəsəbə | Kücə adı | Ev № | JEK № | Əlavə;найден;
ARXIV/MS binalar/Лист Microsoft Excel 1.xlsx;Лист Microsoft Excel 1.xlsx;4;Qaradağ;visible;worksheet;3;A2:F190;6;№ | Qəsəbə | Kücə adı | Ev № | JEK № | Əlavə;найден;
ARXIV/MS binalar/Лист Microsoft Excel 1.xlsx;Лист Microsoft Excel 1.xlsx;5;Nəsimi;visible;worksheet;3;A2:E1040;5;№ | Kücə adı | Ev № | JEK № | Əlavə;найден;
ARXIV/MS binalar/Лист Microsoft Excel 1.xlsx;Лист Microsoft Excel 1.xlsx;6;Yasamal;visible;worksheet;4;A3:E2631;5;№ | Kücə adı | Ev № | JEK № | Əlavə;найден;
ARXIV/MS binalar/Лист Microsoft Excel 1.xlsx;Лист Microsoft Excel 1.xlsx;7;Nərimanov;visible;worksheet;5;A4:E1624;5;№ | Kücə adı | Ev № | JEK № | Əlavə;найден;
ARXIV/MS binalar/Лист Microsoft Excel 1.xlsx;Лист Microsoft Excel 1.xlsx;8;Səbail;visible;worksheet;5;A4:E2648;5;№ | Kücə adı | Ev № | JEK № | Əlavə;найден;
ARXIV/MS binalar/Лист Microsoft Excel 1.xlsx;Лист Microsoft Excel 1.xlsx;9;Xəzər;visible;worksheet;5;A4:F839;6;№ | Qəsəbə | Kücə adı | Ev № | JEK № | Əlavə;найден;
ARXIV/MS binalar/Лист Microsoft Excel 1.xlsx;Лист Microsoft Excel 1.xlsx;10;Sabuncu;visible;worksheet;5;A4:F986;6;№ | Qəsəbə | Kücə adı | Ev № | JEK № | Əlavə;найден;
ARXIV/MS binalar/Лист Microsoft Excel 1.xlsx;Лист Microsoft Excel 1.xlsx;11;Xətai;visible;worksheet;5;A4:E888;5;№ | Kücə adı | Ev № | JEK № | Əlavə;найден;
ARXIV/Qeyri yaşayışlar(MP)/MP ler butun rayonlar.xlsx;MP ler butun rayonlar.xlsx;1;Nərimanov MP;visible;worksheet;3;A2:H1986;6;Opis | Şirkət- sahibin adı | Rayon | Ünvan | ev № | Əlavə məlumat;найден;
ARXIV/Qeyri yaşayışlar(MP)/MP ler butun rayonlar.xlsx;MP ler butun rayonlar.xlsx;2;Səbail MP;visible;worksheet;4;A3:G1719;7;Opis | Şirkət- sahibin adı | Rayon | Ünvan | ev № | Əlavə məlumat | Əlavə məlumat;найден;
ARXIV/Qeyri yaşayışlar(MP)/MP ler butun rayonlar.xlsx;MP ler butun rayonlar.xlsx;3;Nəsimi;visible;worksheet;4;A3:H1862;7;Opis | Şirkət- sahibin adı | Rayon | Ünvan | ev № | Əlavə məlumat | Əlavə məlumat;найден;
ARXIV/Qeyri yaşayışlar(MP)/MP ler butun rayonlar.xlsx;MP ler butun rayonlar.xlsx;4;Nizami;visible;worksheet;3;A2:H1119;7;Opis | Şirkət- sahibin adı | Rayon | Ünvan | ev № | Əlavə məlumat | Əlavə məlumat;найден;
ARXIV/Qeyri yaşayışlar(MP)/MP ler butun rayonlar.xlsx;MP ler butun rayonlar.xlsx;5;Yasamal MP;visible;worksheet;3;A2:H1607;7;Opis | Şirkət- sahibin adı | Rayon | Ünvan | ev № | Əlavə məlumat | Əlavə məlumat;найден;
ARXIV/Qeyri yaşayışlar(MP)/MP ler butun rayonlar.xlsx;MP ler butun rayonlar.xlsx;6;Sabuncu Mp;visible;worksheet;4;A3:H708;7;Opis | Şirkət- sahibin adı | Rayon | Ünvan | ev № | Əlavə məlumat | Əlavə məlumat;найден;
ARXIV/Qeyri yaşayışlar(MP)/MP ler butun rayonlar.xlsx;MP ler butun rayonlar.xlsx;7;Suraxanı MP;visible;worksheet;6;A4:G623;7;Opis | Şirkət- sahibin adı | Rayon | Ünvan | ev № | Əlavə məlumat | Əlavə məlumat;найден;
ARXIV/Qeyri yaşayışlar(MP)/MP ler butun rayonlar.xlsx;MP ler butun rayonlar.xlsx;8;Qaradağ;visible;worksheet;5;A3:H465;7;Opis | Şirkət- sahibin adı | Rayon | Ünvan | ev № | Əlavə məlumat | Əlavə məlumat;найден;
ARXIV/Qeyri yaşayışlar(MP)/MP ler butun rayonlar.xlsx;MP ler butun rayonlar.xlsx;9;Xəzər;visible;worksheet;5;A3:G556;7;Opis | Şirkət- sahibin adı | Rayon | Ünvan | ev № | Əlavə məlumat | Əlavə məlumat;найден;
ARXIV/Qeyri yaşayışlar(MP)/MP ler butun rayonlar.xlsx;MP ler butun rayonlar.xlsx;10;Xətai MP;visible;worksheet;5;A4:H1275;7;Opis | Şirkət- sahibin adı | Rayon | Ünvan | ev № | Əlavə məlumat | Əlavə məlumat;найден;
ARXIV/Qeyri yaşayışlar(MP)/MP ler butun rayonlar.xlsx;MP ler butun rayonlar.xlsx;11;Binəqədi MP;visible;worksheet;4;A3:G1023;7;Opis | Şirkət- sahibin adı | Rayon | Ünvan | ev № | Əlavə məlumat | Əlavə məlumat;найден;
ARXIV/Qeyri yaşayışlar(MP)/Nəsimi-Nizami MP..xlsx;Nəsimi-Nizami MP..xlsx;1;Nəsimi MP;visible;worksheet;1;A1:H1930;7;Opis | Şirkət- sahibin adı | Rayon | Ünvan | ev № | Əlavə məlumat | Əlavə məlumat;найден;
ARXIV/Qeyri yaşayışlar(MP)/Nəsimi-Nizami MP..xlsx;Nəsimi-Nizami MP..xlsx;2;Nizami MP;visible;worksheet;1;A1:H1127;7;Opis | Şirkət- sahibin adı | Rayon | Ünvan | ev № | Əlavə məlumat | Əlavə məlumat;найден;
ARXIV/Qeyri yaşayışlar(MP)/Nəsimi-Nizami MP..xlsx;Nəsimi-Nizami MP..xlsx;3;Лист3;visible;worksheet;;A1;0;;лист пуст;
ARXIV/Qeyri yaşayışlar(MP)/Sab-Sur -Qarad-XəzərMP.xlsx;Sab-Sur -Qarad-XəzərMP.xlsx;1;Sabuncu;visible;worksheet;2;A1:G741;7;Opis | Şirkət- sahibin adı | Rayon | Ünvan | ev № | Əlavə məlumat | Əlavə məlumat;найден;
ARXIV/Qeyri yaşayışlar(MP)/Sab-Sur -Qarad-XəzərMP.xlsx;Sab-Sur -Qarad-XəzərMP.xlsx;2;Suraxanı;visible;worksheet;4;A3:G636;7;Opis | Şirkət- sahibin adı | Rayon | Ünvan | ev № | Əlavə məlumat | Əlavə məlumat;найден;
ARXIV/Qeyri yaşayışlar(MP)/Sab-Sur -Qarad-XəzərMP.xlsx;Sab-Sur -Qarad-XəzərMP.xlsx;3;Qaradağ;visible;worksheet;6;A5:G466;7;Opis | Şirkət- sahibin adı | Rayon | Ünvan | ev № | Əlavə məlumat | Əlavə məlumat;найден;
ARXIV/Qeyri yaşayışlar(MP)/Sab-Sur -Qarad-XəzərMP.xlsx;Sab-Sur -Qarad-XəzərMP.xlsx;4;Xəzər;visible;worksheet;5;A4:G564;7;Opis | Şirkət- sahibin adı | Rayon | Ünvan | ev № | Əlavə məlumat | Əlavə məlumat;найден;
ARXIV/Qeyri yaşayışlar(MP)/Səbail MP.xlsx;Səbail MP.xlsx;1;Лист1;visible;worksheet;3;A2:L1847;7;Opis | Şirkət- sahibin adı | Rayon | Ünvan | ev № | Əlavə məlumat | Əlavə məlumat;найден;
ARXIV/Qeyri yaşayışlar(MP)/Səbail MP.xlsx;Səbail MP.xlsx;2;Лист2;visible;worksheet;;A1;0;;лист пуст;
ARXIV/Qeyri yaşayışlar(MP)/Səbail MP.xlsx;Səbail MP.xlsx;3;Лист3;visible;worksheet;;A1;0;;лист пуст;
ARXIV/Qeyri yaşayışlar(MP)/Xətai-Binəqədi  MP.xlsx;Xətai-Binəqədi  MP.xlsx;1;Xətai;visible;worksheet;2;A1:G1310;7;Opis | Şirkət- sahibin adı | Rayon | Ünvan | ev № | Əlavə məlumat | Əlavə məlumat;найден;
ARXIV/Qeyri yaşayışlar(MP)/Xətai-Binəqədi  MP.xlsx;Xətai-Binəqədi  MP.xlsx;2;Binəqədi;visible;worksheet;2;A1:G1005;7;Opis | Şirkət- sahibin adı | Rayon | Ünvan | ev № | Əlavə məlumat | Əlavə məlumat;найден;
ARXIV/Qeyri yaşayışlar(MP)/Xətai-Binəqədi  MP.xlsx;Xətai-Binəqədi  MP.xlsx;3;Лист3;visible;worksheet;;A1;0;;лист пуст;
ARXIV/Qeyri yaşayışlar(MP)/YDM.xlsx;YDM.xlsx;1;Лист1;visible;worksheet;4;A4:G156;4;№ | Ünvan | № | YDM №;найден;
ARXIV/Qeyri yaşayışlar(MP)/YDM.xlsx;YDM.xlsx;2;Лист2;visible;worksheet;;A1;0;;лист пуст;
ARXIV/Qeyri yaşayışlar(MP)/YDM.xlsx;YDM.xlsx;3;Лист3;visible;worksheet;;A1;0;;лист пуст;
ARXIV/Qeyri yaşayışlar(MP)/Yasamal MP.xls;Yasamal MP.xls;1;Sheet1;visible;worksheet;1;A1:H1607;7;Opis | Şirkət- sahibin adı | Rayon | Ünvan | ev № | Əlavə məlumat | Əlavə məlumat;найден;
ARXIV/Qeyri yaşayışlar(MP)/Yasamal MP.xls;Yasamal MP.xls;2;Sheet2;visible;worksheet;;A1;0;;лист пуст;
ARXIV/Qeyri yaşayışlar(MP)/Yasamal MP.xls;Yasamal MP.xls;3;Sheet3;visible;worksheet;;A1;0;;лист пуст;
ARXIV/Təhvil Abşeron/Aşağı Güzdək.xls;Aşağı Güzdək.xls;1;Лист1;visible;worksheet;4;A1:J174;4;N | Soyadı Adı | İnv N | Rey.N;найден;
ARXIV/Təhvil Abşeron/Aşağı Güzdək.xls;Aşağı Güzdək.xls;2;Лист2;visible;worksheet;;A1;0;;лист пуст;
ARXIV/Təhvil Abşeron/Aşağı Güzdək.xls;Aşağı Güzdək.xls;3;Лист3;visible;worksheet;;A1;0;;лист пуст;
ARXIV/Təhvil Abşeron/Bilgəh.xlsx;Bilgəh.xlsx;1;Sheet1;visible;worksheet;5;A3:L791;7;N= | Adı Soyadı | Qəsəbə | Ünvan-kücə | Ev | İnv N | Rees N;найден;
ARXIV/Təhvil Abşeron/Bilgəh.xlsx;Bilgəh.xlsx;2;Sheet2;visible;worksheet;;A1;0;;лист пуст;
ARXIV/Təhvil Abşeron/Bilgəh.xlsx;Bilgəh.xlsx;3;Sheet3;visible;worksheet;;A1;0;;лист пуст;
ARXIV/Təhvil Abşeron/Buzovna.xls;Buzovna.xls;1;Buzovna;visible;worksheet;2;A1:R4016;15;Ünvan | Ərizə | Tex Pasp | Qeydvəs | Arayışı | Əmrdən çıxarış | Müayinə aktı | Qərar. Çıxar. | Arayiş | Sərənc Çıxarış | Alqı-satqı müqav. | Digər sənəd. | Qiymətləndirmə Cədvəli | İnven. №-si | Qeyd №-si;найден;
ARXIV/Təhvil Abşeron/Buzovna.xls;Buzovna.xls;2;Hövsan;visible;worksheet;2;A1:T1009;18;Ərizə | Tex. Pasp. | Qeyd.vəs. | Müay. aktı | Sovx. Əriz. | Sovx. Arayışı | Əmrdən çıxarış | İstismara Qəbul Aktı | Qərar. Çıxar. | Sərənc Çıxarış | Order | Alqı-satqı müqav. | Vərəs. şəhad. | Digər sənəd. | Qiymətləndirmə Cədvəli | İnven. N-si | Qeyd N-si | Qeyd;найден;
ARXIV/Təhvil Abşeron/Buzovna.xls;Buzovna.xls;3;Maştağa;visible;worksheet;2;A1:S435;16;Ərizə | Tex. Pasp. | Qeyd.vəs. | Müay. aktı | Sovx. Əriz. | Sovx. Arayışı | Əmrdən çıxarış | Qərar. Çıxar. | Sərənc Çıxarış | Order | Alqı-satqı müqav. | Vərəs. şəhad. | Digər sənəd. | İnven. N-si | Qeyd N-si | Qeyd;найден;
ARXIV/Təhvil Abşeron/Buzovna.xls;Buzovna.xls;4;Ramana;visible;worksheet;2;A1:R870;15;Ünvan | Ərizə | Texniki pasport | Qeyd.vəs. | Müayinə aktı | Sovx. Ərizəsi | Sovx. Arayışı | Əmrdən çıxarış | Qərardan çıxarış | Order | Alqı-satqı müqav. | Vərəsəlik şəhadət. | Digər sənədlər | İnventaN-si | Qeyd N-si;найден;
ARXIV/Təhvil Abşeron/Buzovna.xls;Buzovna.xls;5;Surax zeyt;visible;worksheet;2;A1:D119;4;№ | Soyadı, adı, atasının adı | İnven № | Qeyd №;найден;
ARXIV/Təhvil Abşeron/Buzovna.xls;Buzovna.xls;6;Aşağ Güzd;visible;worksheet;6;A3:D31;4;№ | Soyadı, adı, atasının adı | İnven № | Qeyd №;найден;
ARXIV/Təhvil Abşeron/Buzovna.xls;Buzovna.xls;7;Binə;visible;worksheet;2;A1:R436;14;Ərizə | Texniki pasport | Qeyd.vəs. | Müayinə aktı | Sovx. Ərizəsi | Sovx. Arayışı | Əmrdən çıxarış | Qərardan çıxarış | Order | Alqı-satqı müqav. | Vərəsəlik şəhadət. | Digər sənədlər | İnventaN-si | Qeyd N-si;найден;
ARXIV/Təhvil Abşeron/Buzovna.xls;Buzovna.xls;8;Kürdax;visible;worksheet;2;A1:T713;16;Ərizə | Tex. Pasp. | Qeyd.vəs. | Müay. aktı | Sovx. Əriz. | Sovx. Arayışı | Əmrdən çıxarış | Qərar. Çıxar. | Sərənc Çıxarış | Order | Alqı-satqı müqav. | Vərəs. şəhad. | Digər sənəd. | İnven. N-si | Qeyd N-si | Qeyd;найден;
ARXIV/Təhvil Abşeron/Buzovna.xls;Buzovna.xls;9;Türkan;visible;worksheet;6;A1:U854;16;Ərizə | Tex. Pasp. | Qeyd.vəs. | Müay. aktı | Sovx. Əriz. | Sovx. Arayışı | Əmrdən çıxarış | Qərar. Çıxar. | Sərənc Çıxarış | Order | Alqı-satqı müqav. | Vərəs. şəhad. | Digər sənəd. | İnven. N-si | Qeyd N-si | Tor ve dair AKT;найден;
ARXIV/Təhvil Abşeron/Buzovna.xls;Buzovna.xls;10;Sabunc;visible;worksheet;2;A1:T1006;16;Ərizə | Tex. Pasp. | Qeyd.vəs. | Müay. aktı | Sovx. Əriz. | Sovx. Arayışı | Əmrdən çıxarış | Qərar. Çıxar. | Sərənc Çıxarış | Order | Alqı-satqı müqav. | Vərəs. şəhad. | Digər sənəd. | İnven. N-si | Qeyd N-si | Qeyd;найден;
ARXIV/Təhvil Abşeron/Buzovna.xls;Buzovna.xls;11;Xət zeyt;visible;worksheet;2;A1:S3375;15;Ünvan | Ərizə | Tex Pasp | Qeydvəs | Arayışı | Əmrdən çıxarış | Müayinə aktı | Qərar. Çıxar. | Arayiş | Sərənc Çıxarış | Alqı-satqı müqav. | Digər sənəd. | Qiymətləndirmə Cədvəli | İnven. №-si | Qeyd №-si;найден;
ARXIV/Təhvil Abşeron/Buzovna.xls;Buzovna.xls;12;Лист3;visible;worksheet;;A1;0;;лист пуст;
ARXIV/Təhvil Abşeron/Buzovna.xls;Buzovna.xls;13;Лист4;visible;worksheet;;A1;0;;лист пуст;
ARXIV/Təhvil Abşeron/Buzovna.xls;Buzovna.xls;14;Лист5;visible;worksheet;;A1;0;;лист пуст;
ARXIV/Təhvil Abşeron/Buzovna.xls;Buzovna.xls;15;Лист6;visible;worksheet;;A1;0;;лист пуст;
ARXIV/Təhvil Abşeron/Buzovna.xls;Buzovna.xls;16;Лист2;visible;worksheet;2;A1:Q748;14;Ərizə | Tex. Pasp. | Qeyd.vəs. | Arayışı | Əmrdən çıxarış | Müayinə aktı | Qərar. Çıxar. | Arayiş | Sərənc Çıxarış | Alqı-satqı müqav. | Digər sənəd. | Qiymətləndirmə Cədvəli | İnven. N-si | Qeyd N-si;найден;
ARXIV/Təhvil Abşeron/Hökməli-Xird-Masaz.Goradil abşeron.xls;Hökməli-Xird-Masaz.Goradil abşeron.xls;1;Sheet1;visible;worksheet;4;A2:J24;7;N= | Adı Soyadı | Qəsəbə | Ünvan-kücə | Ev | İnv N | Rees N;найден;
ARXIV/Təhvil Abşeron/Hökməli-Xird-Masaz.Goradil abşeron.xls;Hökməli-Xird-Masaz.Goradil abşeron.xls;2;Sheet2;visible;worksheet;;A1;0;;лист пуст;
ARXIV/Təhvil Abşeron/Hökməli-Xird-Masaz.Goradil abşeron.xls;Hökməli-Xird-Masaz.Goradil abşeron.xls;3;Sheet3;visible;worksheet;;A1;0;;лист пуст;
ARXIV/Təhvil Abşeron/Kohne Bine.xls;Kohne Bine.xls;1;Лист3;visible;worksheet;2;A1:R436;14;Ərizə | Texniki pasport | Qeyd.vəs. | Müayinə aktı | Sovx. Ərizəsi | Sovx. Arayışı | Əmrdən çıxarış | Qərardan çıxarış | Order | Alqı-satqı müqav. | Vərəsəlik şəhadət. | Digər sənədlər | İnventaN-si | Qeyd N-si;найден;
ARXIV/Təhvil Abşeron/Kohne Bine.xls;Kohne Bine.xls;2;Лист1;visible;worksheet;;A1;0;;лист пуст;
ARXIV/Təhvil Abşeron/Kohne Bine.xls;Kohne Bine.xls;3;Лист2;visible;worksheet;;A1;0;;лист пуст;
ARXIV/Təhvil Abşeron/Kohne Hovsan.xls;Kohne Hovsan.xls;1;Лист1;visible;worksheet;2;A1:U1010;18;Ərizə | Tex. Pasp. | Qeyd.vəs. | Müay. aktı | Sovx. Əriz. | Sovx. Arayışı | Əmrdən çıxarış | İstismara Qəbul Aktı | Qərar. Çıxar. | Sərənc Çıxarış | Order | Alqı-satqı müqav. | Vərəs. şəhad. | Digər sənəd. | Qiymətləndirmə Cədvəli | İnven. N-si | Qeyd N-si | Qeyd;найден;
ARXIV/Təhvil Abşeron/Kohne Hovsan.xls;Kohne Hovsan.xls;2;Лист2;visible;worksheet;;A1;0;;лист пуст;
ARXIV/Təhvil Abşeron/Kohne Hovsan.xls;Kohne Hovsan.xls;3;Лист3;visible;worksheet;;A1;0;;лист пуст;
ARXIV/Təhvil Abşeron/Kohne Kurdaxani.xls;Kohne Kurdaxani.xls;1;Лист1;visible;worksheet;;A1;0;;лист пуст;
ARXIV/Təhvil Abşeron/Kohne Kurdaxani.xls;Kohne Kurdaxani.xls;2;Лист2;visible;worksheet;;A1;0;;лист пуст;
ARXIV/Təhvil Abşeron/Kohne Kurdaxani.xls;Kohne Kurdaxani.xls;3;Лист3;visible;worksheet;2;A1:T713;16;Ərizə | Tex. Pasp. | Qeyd.vəs. | Müay. aktı | Sovx. Əriz. | Sovx. Arayışı | Əmrdən çıxarış | Qərar. Çıxar. | Sərənc Çıxarış | Order | Alqı-satqı müqav. | Vərəs. şəhad. | Digər sənəd. | İnven. N-si | Qeyd N-si | Qeyd;найден;
ARXIV/Təhvil Abşeron/Kohne Mashtaga.xls;Kohne Mashtaga.xls;1;Лист1;visible;worksheet;;A1;0;;лист пуст;
ARXIV/Təhvil Abşeron/Kohne Mashtaga.xls;Kohne Mashtaga.xls;2;Лист2;visible;worksheet;;A1;0;;лист пуст;
ARXIV/Təhvil Abşeron/Kohne Mashtaga.xls;Kohne Mashtaga.xls;3;Лист3;visible;worksheet;2;A1:U435;16;Ərizə | Tex. Pasp. | Qeyd.vəs. | Müay. aktı | Sovx. Əriz. | Sovx. Arayışı | Əmrdən çıxarış | Qərar. Çıxar. | Sərənc Çıxarış | Order | Alqı-satqı müqav. | Vərəs. şəhad. | Digər sənəd. | İnven. N-si | Qeyd N-si | Qeyd;найден;
ARXIV/Təhvil Abşeron/Kohne Turkan.xls;Kohne Turkan.xls;1;Лист1;visible;worksheet;6;A1:U854;16;Ərizə | Tex. Pasp. | Qeyd.vəs. | Müay. aktı | Sovx. Əriz. | Sovx. Arayışı | Əmrdən çıxarış | Qərar. Çıxar. | Sərənc Çıxarış | Order | Alqı-satqı müqav. | Vərəs. şəhad. | Digər sənəd. | İnven. N-si | Qeyd N-si | Tor ve dair AKT;найден;
ARXIV/Təhvil Abşeron/Kohne Turkan.xls;Kohne Turkan.xls;2;Лист2;visible;worksheet;;A1;0;;лист пуст;
ARXIV/Təhvil Abşeron/Kohne Turkan.xls;Kohne Turkan.xls;3;Лист3;visible;worksheet;;A1;0;;лист пуст;
ARXIV/Təhvil Abşeron/Novxanı-apşeron.xls;Novxanı-apşeron.xls;1;Sheet1;visible;worksheet;7;A3:G32;4;№ | Soyadı, adı, atasının adı | İnven № | Qeyd №;найден;
ARXIV/Təhvil Abşeron/Novxanı-apşeron.xls;Novxanı-apşeron.xls;2;Sheet2;visible;worksheet;;A1;0;;лист пуст;
ARXIV/Təhvil Abşeron/Novxanı-apşeron.xls;Novxanı-apşeron.xls;3;Sheet3;visible;worksheet;;A1;0;;лист пуст;
ARXIV/Təhvil Abşeron/Ramana.xls;Ramana.xls;1;Лист1;visible;worksheet;;A1;0;;лист пуст;
ARXIV/Təhvil Abşeron/Ramana.xls;Ramana.xls;2;Лист2;visible;worksheet;;A1;0;;лист пуст;
ARXIV/Təhvil Abşeron/Ramana.xls;Ramana.xls;3;Лист3;visible;worksheet;2;A1:R870;15;Ünvan | Ərizə | Texniki pasport | Qeyd.vəs. | Müayinə aktı | Sovx. Ərizəsi | Sovx. Arayışı | Əmrdən çıxarış | Qərardan çıxarış | Order | Alqı-satqı müqav. | Vərəsəlik şəhadət. | Digər sənədlər | İnventaN-si | Qeyd N-si;найден;
ARXIV/Təhvil Abşeron/Sabuncu.xls;Sabuncu.xls;1;Лист1;visible;worksheet;2;A1:T1006;16;Ərizə | Tex. Pasp. | Qeyd.vəs. | Müay. aktı | Sovx. Əriz. | Sovx. Arayışı | Əmrdən çıxarış | Qərar. Çıxar. | Sərənc Çıxarış | Order | Alqı-satqı müqav. | Vərəs. şəhad. | Digər sənəd. | İnven. N-si | Qeyd N-si | Qeyd;найден;
ARXIV/Təhvil Abşeron/Sabuncu.xls;Sabuncu.xls;2;Лист2;visible;worksheet;;A1;0;;лист пуст;
ARXIV/Təhvil Abşeron/Sabuncu.xls;Sabuncu.xls;3;Лист3;visible;worksheet;;A1;0;;лист пуст;
ARXIV/Təhvil Abşeron/Sovxoz uchun sihayi Köhnə və təzə.xls;Sovxoz uchun sihayi Köhnə və təzə.xls;1;Çıxarış;visible;worksheet;2;A1:C5186;3;№ | Soyadı,adı,atasının adı | Reyestr nömrəsi;найден;
ARXIV/Təhvil Abşeron/Sovxoz uchun sihayi Köhnə və təzə.xls;Sovxoz uchun sihayi Köhnə və təzə.xls;2;Köhnə;visible;worksheet;3;B2:G63;3;№ | Soyadı,Adı,Atasının adı | Reyestr nömrəsi;найден;
ARXIV/Təhvil Abşeron/Sovxoz uchun sihayi Köhnə və təzə.xls;Sovxoz uchun sihayi Köhnə və təzə.xls;3;Лист3;visible;worksheet;;A1;0;;лист пуст;
ARXIV/Təhvil Abşeron/Suraxanı zeyt Apşer.xls;Suraxanı zeyt Apşer.xls;1;Sheet1;visible;worksheet;2;A1:E119;4;№ | Soyadı, adı, atasının adı | İnven № | Qeyd №;найден;
ARXIV/Təhvil Abşeron/Suraxanı zeyt Apşer.xls;Suraxanı zeyt Apşer.xls;2;Sheet2;visible;worksheet;;A1;0;;лист пуст;
ARXIV/Təhvil Abşeron/Suraxanı zeyt Apşer.xls;Suraxanı zeyt Apşer.xls;3;Sheet3;visible;worksheet;;A1;0;;лист пуст;
ARXIV/Təhvil Abşeron/Zeytun Tam.xls;Zeytun Tam.xls;1;Лист1;visible;worksheet;2;A1:S3376;16;Soyadı, adı, atasının adı | Ünvan | Ərizə | Tex Pasp | Qeydvəs | Arayışı | Əmrdən çıxarış | Müayinə aktı | Qərar. Çıxar. | Arayiş | Sərənc Çıxarış | Alqı-satqı müqav. | Digər sənəd. | Qiymətləndirmə Cədvəli | İnven. №-si | Qeyd №-si;найден;
ARXIV/Təhvil Abşeron/Zeytun Tam.xls;Zeytun Tam.xls;2;Лист2;visible;worksheet;2;A1:Q748;14;Ərizə | Tex. Pasp. | Qeyd.vəs. | Arayışı | Əmrdən çıxarış | Müayinə aktı | Qərar. Çıxar. | Arayiş | Sərənc Çıxarış | Alqı-satqı müqav. | Digər sənəd. | Qiymətləndirmə Cədvəli | İnven. N-si | Qeyd N-si;найден;
Qeydiyyat/Buzovna.xlsm;Buzovna.xlsm;1;Filtr;visible;worksheet;;A1:G6;0;;не найден: в верхних строках только данные;
Qeydiyyat/Buzovna.xlsm;Buzovna.xlsm;2;Siyahida olanlar;visible;worksheet;2;A1:O11739;14;Sıra sayı | Fiziki şəxsin soyadı, adı və atasının adı | KTM-nin arayışının veriima tarixi | Torpaq sahəsinin öiçüsü | Torpaq sahəsinin yerləşdiyi yer | KTM-nin arayışında sahəsi (ha) | Reyestrdən çıxarışda sahəsi (ha) | Qeydiyyat nömrəsi | İcra tarixi | Mülkiyyətçi | Qeyd | Reyestr nömrəsi | Rayon | Qəsəbə, kənd;найден;
Qeydiyyat/Buzovna.xlsm;Buzovna.xlsm;3;Siyahida olmayanlar;visible;worksheet;3;A1:G31;6;Sıra sayı | Fiziki şəxsin soyadı, adı və atasının adı | Sənəd üzrə sahəsi (ha) | Reyestrdən çıxarışda sahəsi (ha) | Qeydiyyat nömrəsi | Xüsusi qeydlər;найден;
Qeydiyyat/Buzovna.xlsm;Buzovna.xlsm;4;Лист1;visible;worksheet;3;A1:J40;8;Siyahıda nömrəsi | KTM-nin arayışında sahəsi (ha) | Reyestrdən çıxarışda sahəsi (ha) | Qeydiyyat nömrəsi | Siyahıda nömrəsi | KTM-nin arayışında sahəsi (ha) | Reyestrdən çıxarışda sahəsi (ha) | Qeydiyyat nömrəsi;найден;
Qeydiyyat/Buzovna.xlsm;Buzovna.xlsm;5;Verilmish hesabatlar;visible;worksheet;2;A2:D10;3;İlk tarix (daxil olmaqla) | Son tarix (daxil olmaqla) | Say;найден;
Qeydiyyat/Buzovna.xlsm;Buzovna.xlsm;6;2430130243;visible;worksheet;;A1;0;;лист пуст;
Qeydiyyat/Buzovna.xlsm;Buzovna.xlsm;7;Siyahida olanlar-Yeni;visible;worksheet;2;A1:O11744;13;Sıra sayı | Sıra sayı | Fiziki şəxsin soyadı, adı və atasının adı | KTM-nin arayışının veriima tarixi | Torpaq sahəsinin öiçüsü | Torpaq sahəsinin yerləşdiyi yer | KTM-nin arayışında sahəsi (ha) | Reyestrdən çıxarışda sahəsi (ha) | Qeydiyyat nömrəsi | İcra tarixi | Mülkiyyətçi | Qeyd | Əmr və Qərar;найден;
Qeydiyyat/Buzovna.xlsm;Buzovna.xlsm;8;Siyahida olanlar (3);visible;worksheet;2;A1:M11744;12;Sıra sayı | Fiziki şəxsin soyadı, adı və atasının adı | KTM-nin arayışının veriima tarixi | Torpaq sahəsinin öiçüsü | Torpaq sahəsinin yerləşdiyi yer | KTM-nin arayışında sahəsi (ha) | Reyestrdən çıxarışda sahəsi (ha) | Qeydiyyat nömrəsi | İcra tarixi | Mülkiyyətçi | Qeyd | Əmr və Qərar;найден;
Qeydiyyat/Pirsagi-Kurdexani.xlsx;Pirsagi-Kurdexani.xlsx;1;Hesabat;visible;worksheet;3;A3:D6;3;İcra olunub | İcra olunmayıb | Cəmi siyahı üzrə;найден;
Qeydiyyat/Pirsagi-Kurdexani.xlsx;Pirsagi-Kurdexani.xlsx;2;Pirsagi;visible;worksheet;3;A1:I148;8;No | Soyadı, adı və atasının adı | Layihə №-si | Ümumi torpaq sahəsi (kv.m) | Yolun təhkim hissəsinə düşən torpaq sahəsi (kv.m) | Ərizə nömrəsi | Reyestr üzrə ümumi torpaq sahəsi kv.m | Köhnə reyestr nömrəsi;найден;
Qeydiyyat/Pirsagi-Kurdexani.xlsx;Pirsagi-Kurdexani.xlsx;3;Kurdexani;visible;worksheet;3;A1:I77;8;No | Soyadı, adı və atasının adı | Layihə №-si | Ümumi torpaq sahəsi (kv.m) | Yolun təhkim hissəsinə düşən torpaq sahəsi (kv.m) | Ərizə nömrəsi | Reyestr üzrə ümumi torpaq sahəsi kv.m | Köhnə reyestr nömrəsi;найден;
Qeydiyyat/Pirsagi-Kurdexani.xlsx;Pirsagi-Kurdexani.xlsx;4;İcra olunanlar;visible;worksheet;3;A3:N147;14;REYESTR | Reyestr tarixi | Rayon | İlkin ərizə nömrəsi | İlkin mülkiyyətçi | Ünvan | Mülkiyyət forması | Zona əmsalı | Təyin | Kateqoriya | Əvvəlki ID | Umumi Sahəsi (kvm) | Faktiki sahəsi (kvm) | Qiyməti (min manat);найден;
Qeydiyyat/Pirsagi-Kurdexani.xlsx;Pirsagi-Kurdexani.xlsx;5;Pirsagi+Kurdexani;visible;worksheet;3;A1:K226;7;No | Soyadı, adı və atasının adı | Layihə №-si | Ümumi torpaq sahəsi (kv.m) | Yolun təhkim hissəsinə düşən torpaq sahəsi (kv.m) | Ərizə nömrəsi | Reyestr üzrə ümumi torpaq sahəsi kv.m;найден;
Qeydiyyat/Pirsagi-Kurdexani.xlsx;Pirsagi-Kurdexani.xlsx;6;Лист1;visible;worksheet;;A1:C3;0;;не найден: в верхних строках только данные;
Qeydiyyat/Şəhadətnamələrin siyahısı.xlsx;Şəhadətnamələrin siyahısı.xlsx;1;Baki-auksion;visible;worksheet;1;A1:N5747;8;Sıra №-si | Rayon | Obyektin adı | Fiziki şəxsin adı | Ünvanı | Şəhadətnamə | Qovluq | Səhifə;найден;
Qeydiyyat/Şəhadətnamələrin siyahısı.xlsx;Şəhadətnamələrin siyahısı.xlsx;2;Q,yas-icara;visible;worksheet;1;A1:J7939;8;№ | Rayonun adı | Obyektin adı | Sahəsi | Unvan | şəhadətnamə № | Qovluq | səhifə;найден;
Qeydiyyat/Şəhadətnamələrin siyahısı.xlsx;Şəhadətnamələrin siyahısı.xlsx;3;Dub-Sah-al-Baki;visible;worksheet;1;A1:J115;8;Sıra №-si | Rayon | Obyektin adı | Fiziki şəxsin adı | Ünvanı | Şəhadətnamə №-si | Qovluq | Səhifə;найден;
Qeydiyyat/Şəhadətnamələrin siyahısı.xlsx;Şəhadətnamələrin siyahısı.xlsx;4;Torpaq;visible;worksheet;1;A1:J3051;9;Sıra | Rayonun adı | Alıcının adı | Obyektin adı | Torpaq sahəsi (kv.m.) | Ünvanı | Şəhadətnamə №-si | Qovluq | Səhifə;найден;
Qeydiyyat/Şəhadətnamələrin siyahısı.xlsx;Şəhadətnamələrin siyahısı.xlsx;5;Birge Mus.-BM;visible;worksheet;1;A1:I40;8;Sıra №-si | Rayon | Şəhadətnamə verilir (Hüquqi şəxsi adı, fiziki şəxsin S.A.A.) | Əmlak | Ünvan | Şəhadətnamə | Qovluq | səhifə;найден;
Qeydiyyat/Şəhadətnamələrin siyahısı.xlsx;Şəhadətnamələrin siyahısı.xlsx;6;Investisiya-sahadatnama;visible;worksheet;1;A1:I43;8;Sıra №-si | Rayon | Şəhadətnamə verilir (Hüquqi şəxsi adı, fiziki şəxsin S.A.A.) | Əmlak | Ünvan | Şəhadətnamə | Qovluq | səhifə;найден;
Qeydiyyat/Şəhadətnamələrin siyahısı.xlsx;Şəhadətnamələrin siyahısı.xlsx;7;Rayon-sah-alava;visible;worksheet;1;A1:I1840;8;Sıra №-si | Rayon | Obyektin adı | Fiziki şəxsin adı | Ünvanı | Şəhadətnamə №-si | Qovluq | Səhifə;найден;
Qeydiyyat/Şəhadətnamələrin siyahısı.xlsx;Şəhadətnamələrin siyahısı.xlsx;8;avadanliqlar-arayis;visible;worksheet;1;A1:I193;8;Sıra №-si | Rayon | Obyektin adı | Fiziki şəxsin adı | Ünvanı | Arayışın №-si | Qovluq | Səhifə;найден;
Qeydiyyat/Şəhadətnamələrin siyahısı.xlsx;Şəhadətnamələrin siyahısı.xlsx;9;Mulkuyat;visible;worksheet;1;A1:O12467;12;Sıra №-si | Rayon | Şəhadətnamə verilir (Hüquqi şəxsi adı, fiziki şəxsin S.A.A.) | Obyekt | Ünvan | Şəhadətnamə | Qovluq | Səhifə | İlkin mülkiyyətçi | Qeydiyyat nömrəsi | Reyestr nömrəsi | Qeyd;найден;
Qeydiyyat/Şəhadətnamələrin siyahısı.xlsx;Şəhadətnamələrin siyahısı.xlsx;10;Rayon-hamisi-auksion;visible;worksheet;1;A1:J11346;8;Sıra №-si | Rayon | Obyektin adı | Fiziki şəxsin adı | Ünvanı | Şəhadətnamə | Qovluq | səhifə;найден;
Qeydiyyat/Şəhadətnamələrin siyahısı.xlsx;Şəhadətnamələrin siyahısı.xlsx;11;ozəl-ham;visible;worksheet;1;A1:T14817;19;Qeyd | m | Kr | KOT | Ş | Şəhad | Şəhadətnamənin tarixi | Müq. | Müq. | Müq.tarixi | F.İ.O. | Obyektin adı | 1 | 0.15 | Arayış n. | Qovluq | Qəbzin n. | Q.tarixi | Qovluq;найден;
Qeydiyyat/Şəhadətnamələrin siyahısı.xlsx;Şəhadətnamələrin siyahısı.xlsx;12;deideik;visible;worksheet;1;A1:L180;11;Sıra №-si | Rayon | Əmlakın tərkibi (Obyektin adı) | Şəhadətnamə verilir (Fiziki şəxsin adı) | Əmlakın ümumi sahəsi | Tikinti altı torpaq sahəsi | Ümumi torpaq sahəsi | Ünvanı | Şəhadətnamə №-si | Qovluq | Səhifə;найден;
Qeydiyyat/Şəhadətnamələrin siyahısı.xlsx;Şəhadətnamələrin siyahısı.xlsx;13;emdk;visible;worksheet;1;A1:I140;9;Sıra №-si | Rayon | Əmlakın tərkibi (Obyektin adı) | Müqavilə verilir (Fiziki şəxsin adı) | Əmlakın ümumi sahəsi | Ünvanı | Müqavilənin nömrəsi | Qovluq | Səhifə;найден;
Qeydiyyat/Şəhadətnamələrin siyahısı.xlsx;Şəhadətnamələrin siyahısı.xlsx;14;auks-ərazi 2006-2009;visible;worksheet;1;A1:O461;12;Sıra №-si | Rayon | Əmlakın tərkibi (Obyektin adı) | Şəhadətnamə verilir (Fiziki şəxsin adı) | Əmlakın ümumi sahəsi | Tikinti altı torpaq sahəsi | Ümumi torpaq sahəsi | Ünvanı | Registr nömrəsi | Şəhadətnamə №-si | Qovluq | Səhifə;найден;
Qeydiyyat/Şəhadətnamələrin siyahısı.xlsx;Şəhadətnamələrin siyahısı.xlsx;15;qarış 2006-2009;visible;worksheet;1;A1:I225;9;Sıra №-si | Rayon | Əmlakın tərkibi (Obyektin adı) | Şəhadətnamə verilir (Fiziki şəxsin adı) | Əmlakın ümumi sahəsi | Ünvanı | Şəhadətnamə №-si | Qovluq | Səhifə;найден;
Qeydiyyat/Şəhadətnamələrin siyahısı.xlsx;Şəhadətnamələrin siyahısı.xlsx;16;emdk2;visible;worksheet;1;A1:L461;9;Sıra №-si | Rayon | Əmlakın tərkibi (Obyektin adı) | Müqavilə verilir (Fiziki şəxsin adı) | Əmlakın ümumi sahəsi | Ünvanı | Müqavilə №-si | Qovluq | Səhifə;найден;
Qeydiyyat/Şəhadətnamələrin siyahısı.xlsx;Şəhadətnamələrin siyahısı.xlsx;17;mülk 2008-2009;visible;worksheet;1;A1:M773;11;Sıra №-si | Rayon | Obyektin adı-şəhadətnamə verilir | Əmlakın ümumi sahəsi | Tikinti altı torpaq sahəsi | Ümumi torpaq sahəsi | Ünvanı | Hansı yol ilə özəlləşib | Şəhadətnamə №-si | Qovluq | Səhifə;найден;
Qeydiyyat/Şəhadətnamələrin siyahısı.xlsx;Şəhadətnamələrin siyahısı.xlsx;18;Icara-DEIEDK-EMDK;visible;worksheet;1;A1:M886;12;№ | Rayonun adı | Şəhadətnamə verilir | Əmlakın ümumi sahəsi | Tikinti altı torpaq sahəsi | Ümumi torpaq sahəsi | Ünvanı | Balanssaxlayıcı | Şəhadətnamə və müqavilənin №-si | Registr nömrəsi | Qovluq | Səhifə;найден;
Qeydiyyat/Şəhadətnamələrin siyahısı.xlsx;Şəhadətnamələrin siyahısı.xlsx;19;Icara-EMDK;visible;worksheet;1;A1:I839;8;№ | Rayonun adı | Müqavilə (Şəhadətnamə) verilir | Əmlakın ümumi sahəsi | Ünvanı | Şəhadətnamə və Müqavilə №-si | Qovluq | Səhifə;найден;
Qeydiyyat/Şəhadətnamələrin siyahısı.xlsx;Şəhadətnamələrin siyahısı.xlsx;20;torp 2008-2010;visible;worksheet;1;A1:L1139;8;Rayonun adı | Şəhadətnamə verilir | Obyektin adı | Torpaq sahəsi (kv.m.) | Ünvanı | Şəhadətnamə və ƏMDK-də müqavilələrin №-si | Qovluq | Səhifə;найден;
Qeydiyyat/Şəhadətnamələrin siyahısı.xlsx;Şəhadətnamələrin siyahısı.xlsx;21;eidk;visible;worksheet;1;A1:L1139;10;eidk | Rayonun adı | Müqavilə verilir | Obyektin adı | Torpaq sahəsi (kv.m.) | Ünvanı | ƏMDK-də müqavilələrin №-si | Qovluq | Səhifə | ƏMDK;найден;
Qeydiyyat/Şəhadətnamələrin siyahısı.xlsx;Şəhadətnamələrin siyahısı.xlsx;22;registr 2as;visible;worksheet;9;A1:O54;13;№ | müqavilənin nömrəsi | müqavilənin tarixi | alıcının adı | əmlakın adı | əmlakın ünvanı | torpaq sahəsi kv.m | əmlakın regist kodu | Alt hissənin kodu | rayon | Balans saxlayıcı təşkilatın kodu | Balans saxlayıcı (keçmiş balans saxlayıcı təşkilatın adı) | Baş idarə (keçmiş baş idarə);найден;
Qeydiyyat/Şəhadətnamələrin siyahısı.xlsx;Şəhadətnamələrin siyahısı.xlsx;23;2 rüb;visible;worksheet;6;A1:S120;15;№ | müqavilənin tipi | müqavilənin nömrəsi | müqavilənin tarixi | alıcının adı | əmlakın adı | əmlakın ünvanı | sahə kv.m | mərtəbə | rayon | registr nömrəsi | alt hissənin nömrəsi | Balans saxlayıcı təşkilatın kodu | Balans saxlayıcı (keçmiş balans saxlayıcı təşkilatın adı) | Baş idarə (keçmiş baş idarə);найден;
Qeydiyyat/Şəhadətnamələrin siyahısı.xlsx;Şəhadətnamələrin siyahısı.xlsx;24;1 rüb as;visible;worksheet;8;A1:O74;13;№ | müqavilənin nömrəsi | müqavilənin tarixi | alıcının adı | əmlakın adı | əmlakın ünvanı | torpaq sahəsi kv.m | əmlakın regist kodu | Alt hissənin kodu | rayon | Balans saxlayıcı təşkilatın kodu | Balans saxlayıcı (keçmiş balans saxlayıcı təşkilatın adı) | Baş idarə (keçmiş baş idarə);найден;
Qeydiyyat/Şəhadətnamələrin siyahısı.xlsx;Şəhadətnamələrin siyahısı.xlsx;25;1 rüb;visible;worksheet;15;A1:P112;15;№ | müqavilənin tipi | müqavilənin nömrəsi | müqavilənin tarixi | alıcının adı | əmlakın adı | əmlakın ünvanı | sahə kv.m | mərtəbə | rayon | registr nömrəsi | alt hissənin nömrəsi | Balans saxlayıcı təşkilatın kodu | Balans saxlayıcı (keçmiş balans saxlayıcı təşkilatın adı) | Baş idarə (keçmiş baş idarə);найден;
Qeydiyyat/Şəhadətnamələrin siyahısı.xlsx;Şəhadətnamələrin siyahısı.xlsx;26;abş;visible;worksheet;2;A1:Q1298;15;Ünvan | Ərizə | Tex Pasp | Qeydvəs | Arayışı | Əmrdən çıxarış | Müayinə aktı | Qərar. Çıxar. | Arayiş | Sərənc Çıxarış | Alqı-satqı müqav. | Digər sənəd. | Qiymətləndirmə Cədvəli | İnven. №-si | Qeyd №-si;найден;
Qeydiyyat/Şəhadətnamələrin siyahısı.xlsx;Şəhadətnamələrin siyahısı.xlsx;27;buzovna;visible;worksheet;2;A1:Q1900;15;Ünvan | Ərizə | Tex Pasp | Qeydvəs | Arayışı | Əmrdən çıxarış | Müayinə aktı | Qərar. Çıxar. | Arayiş | Sərənc Çıxarış | Alqı-satqı müqav. | Digər sənəd. | Qiymətləndirmə Cədvəli | İnven. №-si | Qeyd №-si;найден;
Qeydiyyat/Şəhadətnamələrin siyahısı.xlsx;Şəhadətnamələrin siyahısı.xlsx;28;zeyt tam;visible;worksheet;2;A1:Q1258;15;Ünvan | Ərizə | Tex Pasp | Qeydvəs | Arayışı | Əmrdən çıxarış | Müayinə aktı | Qərar. Çıxar. | Arayiş | Sərənc Çıxarış | Alqı-satqı müqav. | Digər sənəd. | Qiymətləndirmə Cədvəli | İnven. №-si | Qeyd №-si;найден;
Qeydiyyat/Şəhadətnamələrin siyahısı.xlsx;Şəhadətnamələrin siyahısı.xlsx;29;sov üçün siy köhnə;visible;worksheet;2;A1:E5186;3;№ | Soyadı,adı,atasının adı | Reyestr nömrəsi;найден;
Qeydiyyat/Şəhadətnamələrin siyahısı.xlsx;Şəhadətnamələrin siyahısı.xlsx;30;çixarış sov üçün siy;visible;worksheet;3;B2:G63;3;№ | Soyadı,Adı,Atasının adı | Reyestr nömrəsi;найден;
Qeydiyyat/Şəhadətnamələrin siyahısı.xlsx;Şəhadətnamələrin siyahısı.xlsx;31;sov üçün siy;visible;worksheet;2;A1:E905;3;№ | Soyadı,adı,atasının adı | Reyestr nömrəsi;найден;
Qeydiyyat/Şəhadətnamələrin siyahısı.xlsx;Şəhadətnamələrin siyahısı.xlsx;32;sabunçu;visible;worksheet;2;A1:T1004;16;Ərizə | Tex. Pasp. | Qeyd.vəs. | Müay. aktı | Sovx. Əriz. | Sovx. Arayışı | Əmrdən çıxarış | Qərar. Çıxar. | Sərənc Çıxarış | Order | Alqı-satqı müqav. | Vərəs. şəhad. | Digər sənəd. | İnven. N-si | Qeyd N-si | Qeyd;найден;
Qeydiyyat/Şəhadətnamələrin siyahısı.xlsx;Şəhadətnamələrin siyahısı.xlsx;33;ramana;visible;worksheet;2;A1:R870;15;Ünvan | Ərizə | Texniki pasport | Qeyd.vəs. | Müayinə aktı | Sovx. Ərizəsi | Sovx. Arayışı | Əmrdən çıxarış | Qərardan çıxarış | Order | Alqı-satqı müqav. | Vərəsəlik şəhadət. | Digər sənədlər | İnventaN-si | Qeyd N-si;найден;
Qeydiyyat/Şəhadətnamələrin siyahısı.xlsx;Şəhadətnamələrin siyahısı.xlsx;34;köhnə türkan;visible;worksheet;6;A1:S94;16;Ərizə | Tex. Pasp. | Qeyd.vəs. | Müay. aktı | Sovx. Əriz. | Sovx. Arayışı | Əmrdən çıxarış | Qərar. Çıxar. | Sərənc Çıxarış | Order | Alqı-satqı müqav. | Vərəs. şəhad. | Digər sənəd. | İnven. N-si | Qeyd N-si | Tor ve dair AKT;найден;
Qeydiyyat/Şəhadətnamələrin siyahısı.xlsx;Şəhadətnamələrin siyahısı.xlsx;35;köhnə maşt;visible;worksheet;2;A1:S425;16;Ərizə | Tex. Pasp. | Qeyd.vəs. | Müay. aktı | Sovx. Əriz. | Sovx. Arayışı | Əmrdən çıxarış | Qərar. Çıxar. | Sərənc Çıxarış | Order | Alqı-satqı müqav. | Vərəs. şəhad. | Digər sənəd. | İnven. N-si | Qeyd N-si | Qeyd;найден;
Qeydiyyat/Şəhadətnamələrin siyahısı.xlsx;Şəhadətnamələrin siyahısı.xlsx;36;köhnə kürdəx;visible;worksheet;2;A1:R191;16;Ərizə | Tex. Pasp. | Qeyd.vəs. | Müay. aktı | Sovx. Əriz. | Sovx. Arayışı | Əmrdən çıxarış | Qərar. Çıxar. | Sərənc Çıxarış | Order | Alqı-satqı müqav. | Vərəs. şəhad. | Digər sənəd. | İnven. N-si | Qeyd N-si | Qeyd;найден;
Qeydiyyat/Şəhadətnamələrin siyahısı.xlsx;Şəhadətnamələrin siyahısı.xlsx;37;köhnə hövsan;visible;worksheet;2;A1:T348;18;Ərizə | Tex. Pasp. | Qeyd.vəs. | Müay. aktı | Sovx. Əriz. | Sovx. Arayışı | Əmrdən çıxarış | İstismara Qəbul Aktı | Qərar. Çıxar. | Sərənc Çıxarış | Order | Alqı-satqı müqav. | Vərəs. şəhad. | Digər sənəd. | Qiymətləndirmə Cədvəli | İnven. N-si | Qeyd N-si | Qeyd;найден;
Qeydiyyat/Şəhadətnamələrin siyahısı.xlsx;Şəhadətnamələrin siyahısı.xlsx;38;köhnə binə;visible;worksheet;2;A1:P411;14;Ərizə | Texniki pasport | Qeyd.vəs. | Müayinə aktı | Sovx. Ərizəsi | Sovx. Arayışı | Əmrdən çıxarış | Qərardan çıxarış | Order | Alqı-satqı müqav. | Vərəsəlik şəhadət. | Digər sənədlər | İnventaN-si | Qeyd N-si;найден;
